{"r_squared": 0.8839400125661454, "rmse": 3.7671085181864417, "rmsle": 0.44769452839709234}