{"r_squared": 0.8744084792695068, "rmse": 3.918745242889401, "rmsle": 0.4682367993512513}