{"r_squared": 0.8749837678187495, "rmse": 3.90975977620683, "rmsle": 0.4672756781160658}