{"r_squared": 0.8883852694009869, "rmse": 3.694261458705574, "rmsle": 0.4335875656129879}